city_ID,City,Country,Date,Lat,Lng,Max Temp,Humidity,Cloudiness,Wind Speed
0,Saskylakh,RU,2022-02-18 01:11:54,71.9167,114.0833,-23.98,93,73,8.19
1,Atuona,PF,2022-02-18 01:11:55,-9.8,-139.0333,78.69,76,4,18.86
2,Mataura,NZ,2022-02-18 01:11:55,-46.1927,168.8643,72.48,39,100,5.68
3,Ler,SS,2022-02-18 01:11:56,8.3018,30.1418,80.51,17,89,4.47
4,Diphu,IN,2022-02-18 01:11:56,25.8333,93.4333,55.26,66,2,0.76
5,Qaanaaq,GL,2022-02-18 01:11:56,77.484,-69.3632,-10.73,84,100,7.27
6,Cape Town,ZA,2022-02-18 01:11:57,-33.9258,18.4232,67.1,72,0,1.01
7,Pontianak,ID,2022-02-18 01:11:57,-0.0333,109.3333,76.98,88,20,5.75
8,Beberibe,BR,2022-02-18 01:11:57,-4.1797,-38.1306,82.44,84,0,7.72
9,Narsaq,GL,2022-02-18 01:11:58,60.9167,-46.05,0.36,75,100,8.68
10,Busselton,AU,2022-02-18 01:11:58,-33.65,115.3333,77.04,44,3,9.86
11,Chuy,UY,2022-02-18 01:11:59,-33.6971,-53.4616,67.78,83,28,7.83
12,Hailar,CN,2022-02-18 01:11:59,49.2,119.7,4.06,94,100,9.62
13,Darnah,LY,2022-02-18 01:12:00,32.767,22.6367,53.94,74,1,8.48
14,Ushuaia,AR,2022-02-18 01:12:00,-54.8,-68.3,51.46,62,75,21.85
15,Fortuna,US,2022-02-18 01:12:01,40.5982,-124.1573,55.33,77,0,10.36
16,Arraial Do Cabo,BR,2022-02-18 01:12:01,-22.9661,-42.0278,76.35,86,95,14.52
17,Bluff,NZ,2022-02-18 01:11:03,-46.6,168.3333,72.81,58,100,10.54
18,Faanui,PF,2022-02-18 01:12:02,-16.4833,-151.75,80.31,74,24,9.24
19,Tuatapere,NZ,2022-02-18 01:12:02,-46.1333,167.6833,72.82,44,100,10.22
20,Udachnyy,RU,2022-02-18 01:12:02,66.4167,112.4,-37.03,100,53,4.54
21,Toora-Khem,RU,2022-02-18 01:12:03,52.4675,96.11,-28.79,100,90,1.32
22,Mar Del Plata,AR,2022-02-18 01:09:11,-38.0023,-57.5575,65.08,76,0,11.99
23,San Patricio,US,2022-02-18 01:12:03,28.017,-97.5169,73.24,45,0,24.7
24,Rikitea,PF,2022-02-18 01:12:04,-23.1203,-134.9692,77.99,71,15,7.45
25,Campo Verde,BR,2022-02-18 01:12:04,-20.4167,-54.0667,76.21,63,92,5.59
26,Barrow,US,2022-02-18 01:10:58,71.2906,-156.7887,-9.38,70,100,3.44
27,Geraldton,AU,2022-02-18 01:12:06,-28.7667,114.6,90.01,12,12,21.85
28,Hobart,AU,2022-02-18 01:11:01,-42.8794,147.3294,66.02,49,40,21.85
29,Souillac,MU,2022-02-18 01:12:06,-20.5167,57.5167,77.36,75,100,18.23
30,Port Said,EG,2022-02-18 01:12:06,31.2565,32.2841,59.58,68,7,9.57
31,Te Anau,NZ,2022-02-18 01:12:07,-45.4167,167.7167,69.31,48,100,10.71
32,Meriden,US,2022-02-18 01:07:53,41.5382,-72.807,58.24,90,100,13.8
33,Saint-Georges,GD,2022-02-18 01:08:19,12.0564,-61.7485,77.29,73,6,13.4
34,Upernavik,GL,2022-02-18 01:12:07,72.7868,-56.1549,-25.26,96,100,6.02
35,Tasiilaq,GL,2022-02-18 01:12:08,65.6145,-37.6368,24.96,93,100,20.38
36,Leshukonskoye,RU,2022-02-18 01:12:08,64.8989,45.7622,30.0,96,100,11.65
37,Naze,JP,2022-02-18 01:12:09,28.3667,129.4833,50.05,87,100,20.56
38,Kunming,CN,2022-02-18 01:12:09,25.0389,102.7183,52.48,66,0,3.2
39,Acajutla,SV,2022-02-18 01:12:10,13.5928,-89.8275,81.81,68,10,4.94
40,Cidreira,BR,2022-02-18 01:11:14,-30.1811,-50.2056,73.29,82,0,11.3
41,Albany,US,2022-02-18 01:12:10,42.6001,-73.9662,55.62,90,100,11.99
42,Porangatu,BR,2022-02-18 01:12:11,-13.4408,-49.1486,72.27,93,78,0.96
43,Daru,PG,2022-02-18 01:12:11,-9.0763,143.2092,77.97,91,100,8.16
44,Waingapu,ID,2022-02-18 01:12:11,-9.6567,120.2641,83.26,68,57,1.88
45,Hilo,US,2022-02-18 01:13:12,19.7297,-155.09,75.79,90,100,10.36
46,Tiksi,RU,2022-02-18 01:13:12,71.6872,128.8694,-29.29,100,93,2.62
47,Castro,BR,2022-02-18 01:13:13,-24.7911,-50.0119,58.55,92,21,5.21
48,Yellowknife,CA,2022-02-18 01:13:13,62.456,-114.3525,-13.59,84,75,14.97
49,Izhma,RU,2022-02-18 01:13:13,65.0083,53.9113,23.18,91,100,11.52
50,Flinders,AU,2022-02-18 01:13:14,-34.5833,150.8552,83.17,68,2,4.0
51,Khatanga,RU,2022-02-18 01:13:14,71.9667,102.5,-34.62,99,32,3.13
52,Ust-Maya,RU,2022-02-18 01:13:14,60.4167,134.5333,-21.3,94,95,0.31
53,Don Sak,TH,2022-02-18 01:13:15,9.3168,99.6918,78.71,83,32,6.29
54,Port Blair,IN,2022-02-18 01:13:15,11.6667,92.75,75.24,100,100,2.3
55,Bredasdorp,ZA,2022-02-18 01:13:16,-34.5322,20.0403,64.27,75,28,13.13
56,Cabo San Lucas,MX,2022-02-18 01:10:09,22.8909,-109.9124,70.52,73,75,4.61
57,Lavrentiya,RU,2022-02-18 01:13:16,65.5833,-171.0,-4.9,91,100,14.88
58,Mahebourg,MU,2022-02-18 01:13:16,-20.4081,57.7,77.25,71,100,19.06
59,Omaruru,NA,2022-02-18 01:13:18,-21.4333,15.9333,73.29,46,17,6.71
60,Riyadh,SA,2022-02-18 01:13:18,24.6877,46.7219,55.54,30,14,10.49
61,Zacualpan,MX,2022-02-18 01:13:19,21.25,-105.1667,82.02,80,0,4.97
62,Isla Mujeres,MX,2022-02-18 01:13:19,21.2311,-86.731,78.17,83,0,11.97
63,Punta Arenas,CL,2022-02-18 01:13:20,-53.15,-70.9167,55.51,71,75,13.8
64,Henties Bay,NA,2022-02-18 01:13:20,-22.116,14.2845,69.85,90,59,7.67
65,Coahuayana,MX,2022-02-18 01:13:21,18.7333,-103.6833,83.68,76,0,3.56
66,Kodiak,US,2022-02-18 01:13:22,57.79,-152.4072,47.71,71,100,12.66
67,Porto Belo,BR,2022-02-18 01:13:22,-27.1578,-48.5531,71.17,89,100,6.02
68,Faya,SA,2022-02-18 01:13:23,18.3851,42.4509,52.32,81,0,4.36
69,Beira,MZ,2022-02-18 01:13:23,-19.8436,34.8389,80.15,82,100,13.76
70,Butterworth,MY,2022-02-18 01:13:24,5.3991,100.3638,82.0,85,20,1.14
71,Hofn,IS,2022-02-18 01:13:24,64.2539,-15.2082,29.59,70,91,19.8
72,Kargasok,RU,2022-02-18 01:13:24,59.0556,80.8572,15.91,95,100,8.23
73,Badlapur,IN,2022-02-18 01:13:25,19.15,73.2667,71.4,55,4,0.67
74,Kulhudhuffushi,MV,2022-02-18 01:13:25,6.6221,73.07,80.28,73,66,4.5
75,Kapaa,US,2022-02-18 01:13:26,22.0752,-159.319,80.58,68,0,12.66
76,New Norfolk,AU,2022-02-18 01:13:26,-42.7826,147.0587,65.66,47,21,4.0
77,Nouadhibou,MR,2022-02-18 01:13:27,20.931,-17.0347,66.74,58,100,12.5
78,Benguela,AO,2022-02-18 01:13:27,-12.5763,13.4055,77.85,74,100,3.06
79,Clyde River,CA,2022-02-18 01:13:27,70.4692,-68.5914,-34.38,85,91,3.38
80,Kudahuvadhoo,MV,2022-02-18 01:13:28,2.6708,72.8944,80.94,68,99,9.6
81,La Ronge,CA,2022-02-18 01:13:28,55.1001,-105.2842,2.39,96,100,7.27
82,Butaritari,KI,2022-02-18 01:13:29,3.0707,172.7902,81.66,72,8,24.05
83,Avarua,CK,2022-02-18 01:13:29,-21.2078,-159.775,80.65,83,40,10.36
84,Prince Rupert,CA,2022-02-18 01:13:29,54.3161,-130.3201,42.89,100,100,4.61
85,Bandarbeyla,SO,2022-02-18 01:13:30,9.4942,50.8122,72.61,71,0,15.59
86,Yakima,US,2022-02-18 01:12:08,46.4665,-120.6678,53.71,59,0,5.75
87,Saint-Augustin,CA,2022-02-18 01:13:30,51.226,-58.6502,33.33,99,100,8.86
88,Shache,CN,2022-02-18 01:13:31,38.4167,77.2406,29.46,51,100,5.95
89,Jamestown,US,2022-02-18 01:13:31,42.097,-79.2353,49.3,69,100,18.41
90,Chara,RU,2022-02-18 01:14:31,56.9064,118.2631,-16.89,91,84,0.83
91,Luwuk,ID,2022-02-18 01:14:32,-0.9516,122.7875,79.14,80,100,0.4
92,Jurm,AF,2022-02-18 01:14:32,36.8648,70.8342,20.91,58,100,6.91
93,Amapa,BR,2022-02-18 01:14:33,1.0,-52.0,71.55,99,100,2.95
94,Lata,PT,2022-02-18 01:14:33,40.1629,-8.3327,54.05,98,22,1.83
95,Port Elizabeth,ZA,2022-02-18 01:14:33,-33.918,25.5701,59.09,77,4,6.64
96,Oranjemund,NA,2022-02-18 01:14:34,-28.55,16.4333,64.6,80,0,5.08
97,Yabrud,SY,2022-02-18 01:14:34,33.9674,36.6574,37.06,64,7,3.94
98,Nioro,GM,2022-02-18 01:14:35,13.35,-15.75,77.5,16,55,2.01
99,Saldanha,ZA,2022-02-18 01:14:35,-33.0117,17.9442,64.54,76,0,7.2
100,Ebolowa,CM,2022-02-18 01:14:35,2.9,11.15,67.78,99,76,2.42
101,Aklavik,CA,2022-02-18 01:14:36,68.2191,-135.0107,-8.68,85,98,6.64
102,Lompoc,US,2022-02-18 01:12:53,34.6391,-120.4579,65.37,54,0,10.36
103,Puerto Ayora,EC,2022-02-18 01:14:36,-0.7393,-90.3518,75.79,87,100,6.55
104,Alofi,NU,2022-02-18 01:14:37,-19.0595,-169.9187,85.89,74,40,9.22
105,Axim,GH,2022-02-18 01:14:37,4.8699,-2.2405,79.02,89,100,8.25
106,Spencer,US,2022-02-18 01:14:37,43.1414,-95.1444,16.59,59,100,0.0
107,Guanica,PR,2022-02-18 01:14:38,17.9716,-66.908,76.91,68,0,1.01
108,Kavaratti,IN,2022-02-18 01:14:38,10.5669,72.642,80.29,66,0,9.8
109,Ambon,ID,2022-02-18 01:14:39,-3.6954,128.1814,86.14,70,40,3.44
110,Korla,CN,2022-02-18 01:14:39,41.7597,86.1469,22.8,44,50,3.83
111,Katherine,AU,2022-02-18 01:14:39,-14.4667,132.2667,86.32,66,98,3.44
112,Ahipara,NZ,2022-02-18 01:14:40,-35.1667,173.1667,74.19,53,71,3.44
113,Hambantota,LK,2022-02-18 01:14:40,6.1241,81.1185,72.21,81,98,8.55
114,Carnarvon,AU,2022-02-18 01:14:41,-24.8667,113.6333,88.2,54,100,3.85
115,Kisangani,CD,2022-02-18 01:14:41,0.5167,25.2,73.13,65,6,2.82
116,Blagodatnoye,RU,2022-02-18 01:14:42,45.3997,42.5867,29.32,78,100,6.89
117,Kununurra,AU,2022-02-18 01:14:26,-15.7667,128.7333,87.78,62,32,5.75
118,Hermanus,ZA,2022-02-18 01:14:42,-34.4187,19.2345,64.8,79,6,15.95
119,Mount Isa,AU,2022-02-18 01:14:43,-20.7333,139.5,92.97,33,2,5.75
120,Bambous Virieux,MU,2022-02-18 01:14:43,-20.3428,57.7575,77.22,70,100,19.1
121,Las Palmas,ES,2022-02-18 01:14:43,28.4204,-14.0131,57.99,88,100,9.22
122,Maniitsoq,GL,2022-02-18 01:14:44,65.4167,-52.9,-6.66,85,98,6.44
123,Kruisfontein,ZA,2022-02-18 01:14:44,-34.0033,24.7314,56.88,84,0,4.52
124,Ribeira Grande,PT,2022-02-18 01:14:44,38.5167,-28.7,51.58,65,100,27.54
125,Leningradskiy,RU,2022-02-18 01:14:45,69.3833,178.4167,-12.57,98,100,8.75
126,Nikolskoye,RU,2022-02-18 01:14:45,59.7035,30.7861,35.49,98,100,11.86
127,East London,ZA,2022-02-18 01:14:45,-33.0153,27.9116,69.22,68,97,5.5
128,Rena,NO,2022-02-18 01:14:46,61.1348,11.3641,10.81,97,93,3.47
129,Provideniya,RU,2022-02-18 01:14:46,64.3833,-173.3,10.51,61,75,24.61
130,Mount Gambier,AU,2022-02-18 01:12:03,-37.8333,140.7667,65.77,49,52,11.48
131,Sao Joao Da Barra,BR,2022-02-18 01:14:47,-21.6403,-41.0511,75.16,92,100,6.29
132,Lebu,CL,2022-02-18 01:14:48,-37.6167,-73.65,57.43,79,0,16.8
133,Tuktoyaktuk,CA,2022-02-18 01:14:48,69.4541,-133.0374,-6.77,96,100,16.13
134,Port Hardy,CA,2022-02-18 01:14:00,50.6996,-127.4199,45.75,88,100,0.89
135,Horta,PT,2022-02-18 01:14:48,38.5333,-28.6333,50.34,66,100,26.04
136,Husavik,IS,2022-02-18 01:15:49,66.0449,-17.3389,26.51,90,95,6.73
137,Mandera,KE,2022-02-18 01:15:49,3.9366,41.867,78.31,65,31,14.14
138,Kavieng,PG,2022-02-18 01:15:50,-2.5744,150.7967,84.72,69,96,8.61
139,Brande,DK,2022-02-18 01:15:50,55.9381,9.1218,40.66,73,72,23.0
140,Muriti,TZ,2022-02-18 01:15:51,-1.9833,32.9167,71.76,77,100,11.65
141,Betafo,MG,2022-02-18 01:15:51,-19.8333,46.85,59.41,96,33,4.54
142,Maine-Soroa,NE,2022-02-18 01:15:51,13.2114,12.0241,70.48,11,10,9.37
143,Polyanka,UA,2022-02-18 01:15:52,50.2584,27.6881,38.57,79,100,18.39
144,Hasaki,JP,2022-02-18 01:15:52,35.7333,140.8333,45.28,43,0,23.09
145,Tautira,PF,2022-02-18 01:15:52,-17.7333,-149.15,78.82,74,15,13.82
146,Lagoa,PT,2022-02-18 01:15:53,39.05,-27.9833,50.14,63,100,26.08
147,Merrill,US,2022-02-18 01:15:53,45.1805,-89.6835,10.17,62,0,8.05
148,Beringovskiy,RU,2022-02-18 01:15:54,63.05,179.3167,-7.28,95,100,19.73
149,Princeton,US,2022-02-18 01:12:15,25.5384,-80.4089,76.01,89,40,11.5
150,Whitehaven,GB,2022-02-18 01:15:54,54.549,-3.5841,39.85,90,100,8.01
151,Vaini,TO,2022-02-18 01:15:54,-21.2,-175.2,81.61,73,89,9.26
152,Ponta Do Sol,PT,2022-02-18 01:15:55,32.6667,-17.1,64.06,57,35,2.86
153,Kahului,US,2022-02-18 01:15:55,20.8947,-156.47,83.46,71,40,25.32
154,Srednekolymsk,RU,2022-02-18 01:15:56,67.45,153.6833,-28.05,99,100,3.22
155,Vila Velha,BR,2022-02-18 01:15:33,-20.3297,-40.2925,76.95,93,20,6.91
156,Fort Nelson,CA,2022-02-18 01:15:56,58.8053,-122.7002,-2.61,71,100,6.91
157,West Bay,KY,2022-02-18 01:15:56,19.3667,-81.4167,79.07,84,20,9.22
158,Dikson,RU,2022-02-18 01:15:57,73.5069,80.5464,-19.91,96,35,7.43
159,Bathsheba,BB,2022-02-18 01:15:57,13.2167,-59.5167,75.81,83,40,16.11
160,Berlevag,NO,2022-02-18 01:15:58,70.8578,29.0864,31.03,65,100,28.86
161,Turayf,SA,2022-02-18 01:15:58,31.6725,38.6637,50.25,50,0,9.22
162,Katsuura,JP,2022-02-18 01:15:58,35.1333,140.3,48.31,41,0,20.22
163,Burnie,AU,2022-02-18 01:15:59,-41.0667,145.9167,61.95,63,70,15.84
164,Klaksvik,FO,2022-02-18 01:15:59,62.2266,-6.589,31.12,67,95,8.9
165,Chute-Aux-Outardes,CA,2022-02-18 01:16:00,49.1168,-68.399,26.91,80,100,9.22
166,Inhambane,MZ,2022-02-18 01:16:00,-23.865,35.3833,76.19,85,96,9.98
167,Luganville,VU,2022-02-18 01:16:01,-15.5333,167.1667,84.2,74,100,3.8
168,Hithadhoo,MV,2022-02-18 01:16:01,-0.6,73.0833,83.17,65,100,14.38
169,Lorengau,PG,2022-02-18 01:16:01,-2.0226,147.2712,84.88,70,100,4.85
170,Wadi Musa,JO,2022-02-18 01:16:02,30.3222,35.4793,47.71,58,100,3.2
171,Saint George,US,2022-02-18 01:16:03,37.1041,-113.5841,55.99,19,0,3.0
172,Barra Do Bugres,BR,2022-02-18 01:16:03,-15.0725,-57.1811,75.02,93,95,2.24
173,Sao Filipe,CV,2022-02-18 01:16:03,14.8961,-24.4956,74.48,59,100,10.76
174,Bagdarin,RU,2022-02-18 01:16:04,54.4333,113.6,-12.08,90,22,3.24
175,Georgetown,MY,2022-02-18 01:16:04,5.4112,100.3354,82.89,86,20,3.44
176,Severo-Kurilsk,RU,2022-02-18 01:16:05,50.6789,156.125,29.64,96,100,10.67
177,College,US,2022-02-18 01:16:06,64.8569,-147.8028,13.8,64,100,8.05
178,Airai,TL,2022-02-18 01:16:06,-8.9266,125.4092,71.94,65,6,1.3
179,Dingle,PH,2022-02-18 01:16:06,10.9995,122.6711,81.68,72,78,12.48
180,San Quintin,MX,2022-02-18 01:16:07,30.4833,-115.95,60.03,64,0,9.57
181,Chokurdakh,RU,2022-02-18 01:17:07,70.6333,147.9167,-30.23,100,11,1.3
182,Tual,ID,2022-02-18 01:17:08,-5.6667,132.75,82.87,72,81,3.94
183,Nemuro,JP,2022-02-18 01:17:08,43.3236,145.575,25.23,72,86,11.99
184,Agirish,RU,2022-02-18 01:17:09,61.9247,63.0231,16.14,95,60,7.18
185,Umm Lajj,SA,2022-02-18 01:17:10,25.0213,37.2685,67.41,60,100,2.21
186,Bunia,CD,2022-02-18 01:17:10,1.5667,30.25,71.98,45,96,1.3
187,Sierpc,PL,2022-02-18 01:17:10,52.8568,19.6691,39.94,91,100,23.62
188,Cherskiy,RU,2022-02-18 01:17:11,68.75,161.3,-31.52,97,61,1.9
189,Paamiut,GL,2022-02-18 01:17:11,61.994,-49.6678,1.06,86,100,7.99
190,Garowe,SO,2022-02-18 01:17:11,8.4054,48.4845,63.12,82,14,8.41
191,Stokmarknes,NO,2022-02-18 01:17:12,68.5646,14.9108,22.23,71,82,2.28
192,Mairipora,BR,2022-02-18 01:17:12,-23.3186,-46.5867,70.56,94,75,2.3
193,Thompson,CA,2022-02-18 01:17:13,55.7435,-97.8558,-12.84,70,20,4.61
194,Coquimbo,CL,2022-02-18 01:17:13,-29.9533,-71.3436,64.13,94,75,6.91
195,Saint-Philippe,RE,2022-02-18 01:17:13,-21.3585,55.7679,78.39,82,100,12.15
196,Aberdeen,GB,2022-02-18 01:17:14,57.1437,-2.0981,35.49,69,100,4.61
197,Rey Bouba,CM,2022-02-18 01:17:14,8.6724,14.1786,74.61,16,68,2.51
198,Port Alfred,ZA,2022-02-18 01:17:14,-33.5906,26.891,67.46,70,50,8.05
199,Kousseri,CM,2022-02-18 01:17:15,12.0769,15.0306,73.96,15,6,9.17
200,Makakilo City,US,2022-02-18 01:17:15,21.3469,-158.0858,82.72,55,0,14.97
201,Constitucion,CL,2022-02-18 01:17:15,-35.3333,-72.4167,58.41,76,0,15.37
202,Noumea,NC,2022-02-18 01:17:16,-22.2763,166.4572,84.99,99,94,6.78
203,Villa Corzo,MX,2022-02-18 01:17:16,16.1667,-93.25,83.19,62,0,4.45
204,Samarai,PG,2022-02-18 01:17:17,-10.6167,150.6667,84.96,70,41,5.08
205,Mlimba,TZ,2022-02-18 01:17:17,-8.8,35.8167,71.17,93,96,2.15
206,Manzanillo,CU,2022-02-18 01:17:17,20.3433,-77.1167,76.39,76,28,8.37
207,Torbay,CA,2022-02-18 01:17:18,47.6666,-52.7314,45.39,83,100,36.82
208,Havelock,US,2022-02-18 01:17:18,34.8791,-76.9013,66.15,88,100,7.0
209,Roros,NO,2022-02-18 01:16:05,62.5747,11.3842,21.04,79,75,4.61
210,Tres Lagoas,BR,2022-02-18 01:17:19,-20.7511,-51.6783,72.18,90,99,5.95
211,Roma,US,2022-02-18 01:17:19,43.2128,-75.4557,53.46,95,100,11.01
212,Nago,JP,2022-02-18 01:17:19,26.5881,127.9761,59.07,83,100,21.3
213,Beloha,MG,2022-02-18 01:17:20,-25.1667,45.05,72.18,90,0,9.24
214,Luderitz,NA,2022-02-18 01:17:20,-26.6481,15.1594,71.85,70,55,9.82
215,Vila Franca Do Campo,PT,2022-02-18 01:17:21,37.7167,-25.4333,53.2,68,95,20.62
216,Impfondo,CG,2022-02-18 01:17:21,1.6381,18.0667,73.08,68,33,3.29
217,Shirvan,AZ,2022-02-18 01:17:21,39.9509,48.8994,44.38,83,93,4.38
218,Conde,BR,2022-02-18 01:17:22,-7.2597,-34.9075,78.26,89,75,1.14
219,Mayumba,GA,2022-02-18 01:17:22,-3.432,10.6554,78.21,84,100,2.89
220,Sarkand,KZ,2022-02-18 01:17:23,45.41,79.9186,10.62,58,0,7.9
221,Coihaique,CL,2022-02-18 01:17:23,-45.5752,-72.0662,63.21,55,100,4.61
222,Namibe,AO,2022-02-18 01:17:23,-15.1961,12.1522,76.17,79,93,1.3
223,Gomel,BY,2022-02-18 01:12:52,52.4345,30.9754,37.81,98,100,11.21
224,Kovernino,RU,2022-02-18 01:17:24,57.1253,43.8142,34.47,92,100,18.88
225,Marawi,PH,2022-02-18 01:17:24,7.9986,124.2928,74.57,65,100,4.0
226,Gimli,CA,2022-02-18 01:17:25,50.6336,-96.9907,-15.88,76,33,6.91
227,Tura,IN,2022-02-18 01:17:25,25.5198,90.2201,55.36,54,0,2.35
228,Lasa,IT,2022-02-18 01:17:25,46.6166,10.7002,47.66,82,28,6.96
229,Pevek,RU,2022-02-18 01:17:26,69.7008,170.3133,-28.71,97,100,4.88
230,La Romana,DO,2022-02-18 01:17:26,18.4273,-68.9728,76.73,94,20,11.5
231,Saint-Leu,RE,2022-02-18 01:18:26,-21.15,55.2833,77.86,78,100,6.64
232,Kaa-Khem,RU,2022-02-18 01:18:27,51.6833,94.7333,-18.17,96,83,3.78
233,Phan Thiet,VN,2022-02-18 01:13:47,10.9333,108.1,80.78,69,99,9.24
234,Macherla,IN,2022-02-18 01:18:27,16.4833,79.4333,66.87,89,7,4.07
235,Lewiston,US,2022-02-18 01:18:28,44.1003,-70.2148,51.19,86,100,1.01
236,Oriximina,BR,2022-02-18 01:18:28,-1.7656,-55.8661,74.64,95,100,3.24
237,Dudinka,RU,2022-02-18 01:18:28,69.4058,86.1778,-3.39,88,100,18.41
238,Okato,NZ,2022-02-18 01:18:29,-39.2,173.8833,72.91,79,20,9.6
239,Bulgan,MN,2022-02-18 01:18:29,48.8125,103.5347,-9.08,92,29,3.67
240,Caravelas,BR,2022-02-18 01:18:30,-17.7125,-39.2481,77.83,85,100,7.0
241,New Port Richey,US,2022-02-18 01:18:30,28.2442,-82.7193,75.61,81,0,3.0
242,Sur,OM,2022-02-18 01:17:22,22.5667,59.5289,69.93,62,0,6.69
243,Pandan,PH,2022-02-18 01:18:32,14.0453,124.1694,81.27,73,98,10.0
244,Comodoro Rivadavia,AR,2022-02-18 01:18:32,-45.8667,-67.5,62.46,39,0,2.3
245,Poum,NC,2022-02-18 01:18:32,-20.2333,164.0167,82.42,77,4,15.66
246,Jaque,PA,2022-02-18 01:18:33,7.5175,-78.1703,78.84,84,100,2.42
247,Den Helder,NL,2022-02-18 01:18:33,52.9599,4.7593,45.99,82,100,11.99
248,Ancud,CL,2022-02-18 01:18:33,-41.8697,-73.8203,54.43,79,0,4.32
249,Hun,LY,2022-02-18 01:18:34,29.1268,15.9477,47.21,84,1,8.79
250,Victoria,HK,2022-02-18 01:15:37,22.2855,114.1577,62.96,87,100,18.01
251,Benghazi,LY,2022-02-18 01:18:34,32.1167,20.0667,56.1,68,1,13.15
252,Derzhavinsk,KZ,2022-02-18 01:18:35,51.1,66.3167,4.08,86,49,9.69
253,Rawson,AR,2022-02-18 01:18:35,-43.3002,-65.1023,69.04,52,0,30.36
254,Barcelona,ES,2022-02-18 01:17:46,41.3888,2.159,58.44,81,0,6.91
255,Bambanglipuro,ID,2022-02-18 01:18:36,-7.95,110.2833,61.61,86,100,3.8
256,North Bend,US,2022-02-18 01:18:36,43.4065,-124.2243,53.94,91,0,16.11
257,Kindu,CD,2022-02-18 01:18:37,-2.95,25.95,67.42,88,87,1.59
258,Pfarrkirchen,DE,2022-02-18 01:18:37,48.432,12.9381,47.07,75,57,12.57
259,Pisco,PE,2022-02-18 01:16:46,-13.7,-76.2167,69.85,78,0,9.22
260,Susurluk,TR,2022-02-18 01:18:38,39.9136,28.1578,46.18,71,65,8.12
261,Vagur,FO,2022-02-18 01:18:38,61.4732,-6.8119,38.95,72,97,17.2
262,Teahupoo,PF,2022-02-18 01:18:39,-17.8333,-149.2667,73.36,74,18,14.36
263,Colquiri,BO,2022-02-18 01:18:39,-17.4167,-67.1333,40.93,86,100,6.6
264,Chanhassen,US,2022-02-18 01:18:09,44.8622,-93.5308,6.28,58,0,5.75
265,Urengoy,RU,2022-02-18 01:18:40,65.9667,78.3667,10.51,95,100,10.02
266,Bengkulu,ID,2022-02-18 01:18:40,-3.8004,102.2655,77.79,76,100,3.18
267,Campeche,MX,2022-02-18 01:18:40,19.0,-90.5,80.76,63,0,6.85
268,Fuerte Olimpo,PY,2022-02-18 01:18:41,-21.0415,-57.8738,71.17,94,100,12.03
269,Kaeo,NZ,2022-02-18 01:18:41,-35.1,173.7833,76.32,70,72,7.34
270,Vallenar,CL,2022-02-18 01:15:16,-28.5708,-70.7581,69.84,67,1,3.51
271,Kalmunai,LK,2022-02-18 01:18:42,7.4167,81.8167,74.07,84,100,7.14
272,Ormara,PK,2022-02-18 01:18:42,25.2088,64.6357,70.56,63,0,9.66
273,Kaitangata,NZ,2022-02-18 01:18:42,-46.2817,169.8464,69.93,62,0,4.56
274,Khash,IR,2022-02-18 01:18:43,28.2211,61.2158,43.63,44,0,3.58
275,Dalvik,IS,2022-02-18 01:18:43,65.9702,-18.5286,26.53,87,100,6.15
276,Batemans Bay,AU,2022-02-18 01:18:44,-35.7167,150.1833,85.98,73,71,9.73
277,Vestmannaeyjar,IS,2022-02-18 01:19:44,63.4427,-20.2734,30.51,85,100,6.15
278,Longyearbyen,SJ,2022-02-18 01:19:44,78.2186,15.6401,6.64,78,0,16.11
279,Abu Samrah,SY,2022-02-18 01:19:45,35.3029,37.1841,47.17,74,15,4.16
280,Zyryanka,RU,2022-02-18 01:19:45,65.75,150.85,-26.01,97,100,4.88
281,Jamui,IN,2022-02-18 01:19:46,24.9167,86.2167,56.66,54,0,1.97
282,Zhigansk,RU,2022-02-18 01:19:46,66.7697,123.3711,-25.17,100,100,0.54
283,San Policarpo,PH,2022-02-18 01:19:47,12.1791,125.5072,81.07,72,100,12.12
284,Aswan,EG,2022-02-18 01:19:47,24.0934,32.907,59.49,30,100,7.63
285,Talara,PE,2022-02-18 01:19:47,-4.5772,-81.2719,72.0,83,100,9.35
286,Kanniyakumari,IN,2022-02-18 01:19:48,8.0833,77.5667,75.83,73,5,16.62
287,Samana,DO,2022-02-18 01:19:48,19.2056,-69.3369,74.44,80,14,9.19
288,Saint-Junien,FR,2022-02-18 01:19:48,45.8833,0.9,52.38,96,100,6.24
289,Half Moon Bay,US,2022-02-18 01:18:05,37.4636,-122.4286,67.57,52,0,13.8
290,Muros,ES,2022-02-18 01:19:49,42.7762,-9.0603,57.09,91,100,13.69
291,Katrineholm,SE,2022-02-18 01:19:49,58.9959,16.2072,32.74,86,81,7.43
292,Prieska,ZA,2022-02-18 01:19:50,-29.6641,22.7474,79.0,39,100,5.88
293,Ilyich,KZ,2022-02-18 01:19:50,40.8464,68.5067,35.11,51,0,3.36
294,Fonte Boa,BR,2022-02-18 01:19:50,-2.4959,-66.2662,73.22,100,100,1.9
295,Dhidhdhoo,MV,2022-02-18 01:19:51,6.8833,73.1,80.64,71,24,3.04
296,Shawinigan,CA,2022-02-18 01:19:51,46.5668,-72.7491,28.58,93,100,11.5
297,Chapais,CA,2022-02-18 01:19:52,49.7834,-74.8492,1.18,93,100,7.34
298,Moyale,KE,2022-02-18 01:19:52,3.5167,39.0584,71.19,51,1,3.4
299,Harper,LR,2022-02-18 01:19:53,4.375,-7.7169,77.83,86,93,4.9
300,Ulaangom,MN,2022-02-18 01:19:53,49.9811,92.0667,-22.63,77,53,4.38
301,Fairbanks,US,2022-02-18 01:17:36,64.8378,-147.7164,13.82,64,100,8.05
302,Gushikawa,JP,2022-02-18 01:19:54,26.3544,127.8686,58.23,91,100,18.41
303,Necochea,AR,2022-02-18 01:19:54,-38.5473,-58.7368,57.04,77,0,8.5
304,Palana,RU,2022-02-18 01:19:54,59.1167,159.9667,9.59,84,100,9.33
305,Vila Verde,PT,2022-02-18 01:19:55,41.6473,-8.4372,55.58,93,94,2.51
306,Vestmanna,FO,2022-02-18 01:19:55,62.1564,-7.1664,29.32,80,20,2.3
307,Orsha,BY,2022-02-18 01:19:55,54.5153,30.4053,33.3,86,100,14.34
308,Ponorogo,ID,2022-02-18 01:20:00,-7.8685,111.462,79.21,85,85,2.19
309,Banda Aceh,ID,2022-02-18 01:20:01,5.5577,95.3222,80.31,79,63,4.63
310,Humaita,BR,2022-02-18 01:20:02,-7.5061,-63.0208,73.45,95,74,1.61
311,Ostrovnoy,RU,2022-02-18 01:20:02,68.0531,39.5131,25.43,94,100,16.73
312,Talnakh,RU,2022-02-18 01:20:03,69.4865,88.3972,-3.8,93,96,10.38
313,Camacha,PT,2022-02-18 01:20:03,33.0833,-16.3333,58.42,63,75,5.75
314,Gat,IL,2022-02-18 01:20:05,31.61,34.7642,54.39,85,69,3.78
315,Cuajinicuilapa,MX,2022-02-18 01:20:05,16.4667,-98.4167,78.75,70,0,6.06
316,Wagar,SD,2022-02-18 01:20:06,16.1525,36.2032,69.93,55,0,8.41
317,Camalu,MX,2022-02-18 01:20:06,30.85,-116.0667,68.41,58,0,6.98
318,Itarema,BR,2022-02-18 01:20:06,-2.9248,-39.9167,78.82,78,49,8.19
319,Omboue,GA,2022-02-18 01:20:07,-1.5746,9.2618,77.94,81,100,3.31
320,Assiniboia,CA,2022-02-18 01:17:27,49.6334,-105.9845,31.91,86,97,17.27
321,Satuk,TR,2022-02-18 01:21:09,41.2263,32.3836,37.02,76,96,5.48
322,Tevriz,RU,2022-02-18 01:21:09,57.509,72.4042,19.33,91,100,7.18
323,Saint-Pierre,RE,2022-02-18 01:21:10,-21.3393,55.4781,78.48,61,0,19.57
324,Veraval,IN,2022-02-18 01:21:10,20.9,70.3667,69.94,41,0,8.9
325,Bulawayo,ZW,2022-02-18 01:21:10,-20.15,28.5833,65.48,74,62,10.89
326,Terme,TR,2022-02-18 01:21:11,41.2092,36.9739,48.13,52,2,5.59
327,Lima,PE,2022-02-18 01:18:56,-12.0432,-77.0282,69.91,84,0,13.8
328,Hirara,JP,2022-02-18 01:21:11,24.8,125.2833,64.67,94,75,28.77
329,Kangaatsiaq,GL,2022-02-18 01:21:12,68.3065,-53.4641,-1.91,97,100,5.88
330,Astana,KZ,2022-02-18 01:16:42,51.1801,71.446,3.15,78,75,13.42
331,Uyemskiy,RU,2022-02-18 01:21:12,64.4743,40.8524,32.05,92,100,11.18
332,Jacmel,HT,2022-02-18 01:21:12,18.2342,-72.5347,78.64,79,10,4.56
333,Bay City,US,2022-02-18 01:21:13,43.5945,-83.8889,23.49,83,100,17.27
334,Buraydah,SA,2022-02-18 01:21:13,26.326,43.975,54.05,27,82,10.42
335,Ongandjera,NA,2022-02-18 01:21:14,-17.8833,15.0667,70.83,75,100,6.17
336,Sinzig,DE,2022-02-18 01:21:14,50.55,7.25,47.82,80,100,8.59
337,Manica,FR,2022-02-18 01:21:14,49.0,-1.1667,49.41,93,100,14.92
338,Hami,CN,2022-02-18 01:19:10,42.8,93.45,18.41,33,5,5.88
339,Hamilton,US,2022-02-18 01:20:22,39.1834,-84.5333,60.04,96,100,12.66
340,Nanortalik,GL,2022-02-18 01:21:15,60.1432,-45.2371,14.36,53,100,9.53
341,Awbari,LY,2022-02-18 01:21:15,26.5921,12.7805,47.98,47,0,6.29
342,Palmas Bellas,PA,2022-02-18 01:21:16,9.2319,-80.0867,80.51,86,100,6.76
343,Marrakesh,MA,2022-02-18 01:17:07,31.6315,-8.0083,51.87,62,0,5.75
344,Kashi,CN,2022-02-18 01:21:16,39.4547,75.9797,27.61,59,20,6.71
345,Williams Lake,CA,2022-02-18 01:21:17,52.1415,-122.1445,49.57,49,100,6.91
346,Lianran,CN,2022-02-18 01:21:17,24.9227,102.485,52.34,71,0,2.46
347,Lunglei,IN,2022-02-18 01:21:17,22.8833,92.7333,45.07,55,0,4.21
348,Yeniseysk,RU,2022-02-18 01:21:18,58.4497,92.1703,8.98,94,100,6.44
349,Sept-Iles,CA,2022-02-18 01:21:18,50.2001,-66.3821,22.05,79,100,10.36
350,Najran,SA,2022-02-18 01:21:19,17.4924,44.1277,58.1,35,2,0.89
351,Nha Trang,VN,2022-02-18 01:21:19,12.25,109.1833,80.6,80,94,4.59
352,Codrington,AU,2022-02-18 01:21:19,-38.2667,141.9667,64.6,54,58,16.35
353,Cuamba,MZ,2022-02-18 01:21:20,-14.8031,36.5372,67.17,99,100,2.26
354,Sabla,NG,2022-02-18 01:21:20,12.7525,4.7077,77.9,13,87,10.02
355,Ardakan,IR,2022-02-18 01:21:20,32.31,54.0175,43.18,37,100,3.51
356,Da Nang,VN,2022-02-18 01:16:55,16.0678,108.2208,77.05,88,75,1.14
357,Taksimo,RU,2022-02-18 01:21:21,56.3444,114.8794,-15.45,89,36,1.19
358,Suntar,RU,2022-02-18 01:21:21,62.1444,117.6319,-30.24,100,96,2.26
359,Verkhoyansk,RU,2022-02-18 01:21:22,67.5447,133.385,-36.08,98,100,2.15
360,Orsk,RU,2022-02-18 01:17:38,51.2049,58.5668,5.9,85,0,2.24
361,Akyab,MM,2022-02-18 01:21:22,20.15,92.9,64.35,43,6,9.08
362,Auki,SB,2022-02-18 01:21:23,-8.7676,160.7034,85.26,70,80,4.92
363,Touros,BR,2022-02-18 01:21:23,-5.1989,-35.4608,79.7,75,28,7.11
364,Kigoma,TZ,2022-02-18 01:21:24,-4.8769,29.6267,73.26,79,100,3.4
365,Rochester,US,2022-02-18 01:21:24,43.1548,-77.6156,38.59,95,100,5.75
366,Wuwei,CN,2022-02-18 01:21:24,37.9281,102.6414,17.42,92,100,4.16
367,Port Hedland,AU,2022-02-18 01:21:25,-20.3167,118.5667,95.05,41,13,6.91
368,Sai Buri,TH,2022-02-18 01:21:25,6.7013,101.6168,80.96,86,60,9.24
369,Imbituba,BR,2022-02-18 01:21:25,-28.24,-48.6703,69.69,86,36,4.32
370,Pemba,MZ,2022-02-18 01:22:26,-12.974,40.5178,76.93,87,18,4.52
371,Illintsi,UA,2022-02-18 01:22:26,49.1048,29.2177,40.39,84,100,15.48
372,Jiangyou,CN,2022-02-18 01:22:27,31.7667,104.7167,43.43,89,100,4.54
373,Edson,CA,2022-02-18 01:22:27,53.5835,-116.4356,33.94,100,20,3.44
374,Sulangan,PH,2022-02-18 01:22:28,11.1373,123.7228,80.33,76,100,15.05
375,Urubamba,PE,2022-02-18 01:22:28,-13.3047,-72.1158,58.1,90,73,5.59
376,Am Timan,TD,2022-02-18 01:22:29,11.0297,20.2827,76.78,17,91,6.4
377,Viedma,AR,2022-02-18 01:20:27,-40.8135,-62.9967,62.67,53,0,18.41
378,Jumla,NP,2022-02-18 01:22:29,29.2747,82.1838,26.22,60,0,6.8
379,Carutapera,BR,2022-02-18 01:22:30,-1.195,-46.02,76.26,87,100,5.48
380,Boyolangu,ID,2022-02-18 01:22:30,-8.1181,111.8935,77.94,87,95,4.41
381,Puerto Maldonado,PE,2022-02-18 01:19:22,-12.6,-69.1833,75.33,93,100,3.27
382,Magadan,RU,2022-02-18 01:22:34,59.5667,150.8,-1.26,74,49,11.5
383,Alta Floresta,BR,2022-02-18 01:22:34,-9.8756,-56.0861,72.5,96,100,2.3
384,Shaunavon,CA,2022-02-18 01:22:35,49.6501,-108.4181,33.1,79,77,17.6
385,Belyy Yar,RU,2022-02-18 01:22:35,53.6039,91.3903,-9.51,84,100,0.0
386,Colares,PT,2022-02-18 01:18:36,38.7992,-9.4469,57.33,74,66,20.0
387,San Carlos De Bariloche,AR,2022-02-18 01:20:28,-41.1456,-71.3082,65.95,52,0,23.02
388,Wairoa,NZ,2022-02-18 01:22:36,-39.0333,177.3667,74.61,58,75,5.44
389,Baillif,GP,2022-02-18 01:22:36,16.0202,-61.7463,75.63,74,8,10.36
390,Debre Tabor,ET,2022-02-18 01:22:36,11.85,38.0167,56.86,40,84,2.71
391,Bereda,ES,2022-02-18 01:22:37,43.2686,-7.5406,55.0,100,41,7.0
392,Lakatoro,VU,2022-02-18 01:22:37,-16.0999,167.4164,84.15,73,100,5.23
393,Iqaluit,CA,2022-02-18 01:22:38,63.7506,-68.5145,-27.31,67,20,4.61
394,Sabang,ID,2022-02-18 01:22:38,5.8933,95.3214,82.74,72,74,1.54
395,Sheridan,US,2022-02-18 01:22:38,44.8333,-106.9173,33.31,63,100,5.75
396,Koran,BA,2022-02-18 01:22:39,43.8103,18.5689,31.51,93,75,1.14
397,Bethel,US,2022-02-18 01:22:40,41.3712,-73.414,58.05,84,100,14.97
398,Channel-Port Aux Basques,CA,2022-02-18 01:17:50,47.5702,-59.1367,39.65,93,100,21.99
399,Nishihara,JP,2022-02-18 01:22:41,26.1842,127.7558,58.28,88,75,20.71
400,Uarini,BR,2022-02-18 01:22:41,-2.99,-65.1083,72.09,100,100,3.33
401,Egvekinot,RU,2022-02-18 01:22:41,66.3167,-179.1667,-8.77,87,8,17.05
402,Isangel,VU,2022-02-18 01:22:42,-19.55,169.2667,86.11,79,40,3.44
403,Dubai,AE,2022-02-18 01:20:02,25.2582,55.3047,66.22,88,0,5.75
404,Fare,PF,2022-02-18 01:22:42,-16.7,-151.0167,80.38,73,10,10.07
405,Kochi,IN,2022-02-18 01:21:54,9.9399,76.2602,75.18,88,6,5.95
406,Boa Vista,BR,2022-02-18 01:22:43,2.8197,-60.6733,82.38,57,40,14.97
407,Guerrero Negro,MX,2022-02-18 01:20:00,27.9769,-114.0611,65.57,51,0,8.7
408,Portmore,JM,2022-02-18 01:21:04,17.9702,-76.8672,80.56,72,20,23.02
409,Polgar,HU,2022-02-18 01:22:43,47.8667,21.1167,42.94,52,1,19.69
410,Norman Wells,CA,2022-02-18 01:22:44,65.282,-126.8329,-7.56,59,20,10.36
411,Skelleftea,SE,2022-02-18 01:22:44,64.7507,20.9528,21.99,65,100,8.05
412,Kieta,PG,2022-02-18 01:22:44,-6.2167,155.6333,85.28,70,20,6.46
413,Tunoshna,RU,2022-02-18 01:22:45,57.5459,40.1254,35.58,87,100,13.42
414,Maumere,ID,2022-02-18 01:22:45,-8.6199,122.2111,83.52,71,18,0.67
415,Varzelandia,BR,2022-02-18 01:22:46,-15.7014,-44.0275,66.72,92,15,1.77
416,Salalah,OM,2022-02-18 01:23:46,17.0151,54.0924,68.09,68,0,4.61
417,Dwarka,IN,2022-02-18 01:23:46,22.2394,68.9678,70.5,69,0,12.33
418,Saint Anthony,US,2022-02-18 01:23:47,45.0205,-93.218,6.4,58,0,10.36
419,Kapit,MY,2022-02-18 01:23:47,2.0167,112.9333,78.98,87,100,1.88
420,Samoded,RU,2022-02-18 01:23:48,63.6083,40.5111,32.92,97,100,12.01
421,Trat,TH,2022-02-18 01:23:48,12.5,102.5,83.91,84,18,1.81
422,Port Moresby,PG,2022-02-18 01:23:48,-9.4431,147.1797,85.42,70,40,9.33
423,Cairns,AU,2022-02-18 01:23:49,-16.9167,145.7667,92.1,65,40,8.05
424,Kirakira,SB,2022-02-18 01:23:50,-10.4544,161.9205,84.4,76,37,5.5
425,Vanavara,RU,2022-02-18 01:23:50,60.34,102.2797,-11.0,100,100,3.8
426,Clarence Town,AU,2022-02-18 01:23:51,-32.5833,151.7833,88.81,37,0,5.12
427,Walvis Bay,NA,2022-02-18 01:23:51,-22.9575,14.5053,70.09,83,16,9.22
428,Valparaiso,CL,2022-02-18 01:23:52,-33.0393,-71.6273,66.47,82,0,2.3
429,Ilinge,ZA,2022-02-18 01:23:52,-31.9768,27.0427,57.34,85,100,2.98
430,Zanjan,IR,2022-02-18 01:23:53,36.6736,48.4787,29.01,89,84,4.79
431,Leh,IN,2022-02-18 01:23:53,34.1667,77.5833,-9.27,77,83,3.2
432,Kidodi,TZ,2022-02-18 01:23:53,-7.6036,37.0044,71.22,95,54,2.89
433,Areia Branca,BR,2022-02-18 01:23:54,-4.9561,-37.1369,81.88,65,87,11.59
434,Cockburn Town,TC,2022-02-18 01:23:54,21.4612,-71.1419,77.52,78,7,19.53
435,Miles City,US,2022-02-18 01:23:55,46.4083,-105.8406,36.57,87,100,14.97
436,Hualmay,PE,2022-02-18 01:23:55,-11.0964,-77.6139,71.15,84,97,8.05
437,Chapleau,CA,2022-02-18 01:23:55,47.8405,-83.4034,-0.31,71,100,9.22
438,Mao,ES,2022-02-18 01:23:56,39.8885,4.2658,52.36,87,0,6.91
439,Isla Vista,US,2022-02-18 01:22:16,34.4133,-119.861,66.85,42,0,10.36
440,Esperance,AU,2022-02-18 01:23:56,-33.8667,121.9,69.64,59,0,9.46
441,Yumen,CN,2022-02-18 01:23:56,40.2833,97.2,12.94,59,100,8.77
442,San Cristobal,VE,2022-02-18 01:23:57,7.7669,-72.225,69.98,75,99,1.5
443,Bikaner,IN,2022-02-18 01:23:57,28.0167,73.3,63.59,35,5,9.48
444,Dolores,AR,2022-02-18 01:23:58,-36.3132,-57.6792,56.05,74,0,8.81
445,Port-De-Bouc,FR,2022-02-18 01:23:58,43.4,4.9833,56.77,82,0,10.36
446,Ilulissat,GL,2022-02-18 01:23:58,69.2167,-51.1,5.02,78,100,8.05
447,Peniche,PT,2022-02-18 01:23:59,39.3558,-9.3811,57.61,87,80,7.25
448,Karlstad,SE,2022-02-18 01:23:59,59.3793,13.5036,30.76,86,30,6.91
449,Skibbereen,IE,2022-02-18 01:24:00,51.55,-9.2667,49.1,79,100,34.02
450,Champerico,GT,2022-02-18 01:24:00,14.3,-91.9167,83.35,63,0,9.04
451,Svetlogorsk,BY,2022-02-18 01:24:01,52.6333,29.7333,34.74,88,100,12.91
452,Santa Fe,AR,2022-02-18 01:23:42,-31.6333,-60.7,77.0,71,0,8.01
453,Barrhead,GB,2022-02-18 01:24:01,55.7992,-4.3929,38.73,85,20,8.05
454,Itamaraca,BR,2022-02-18 01:24:02,-7.7478,-34.8256,79.48,72,3,6.71
455,Amga,RU,2022-02-18 01:24:02,60.8953,131.9608,-18.69,97,96,0.89
456,Biak,ID,2022-02-18 01:19:13,-0.9131,122.8766,77.36,80,100,1.63
457,Jiamusi,CN,2022-02-18 01:24:02,46.8333,130.35,5.99,89,100,5.32
458,Maumelle,US,2022-02-18 01:24:03,34.8668,-92.4043,36.66,75,84,11.01
459,Mayo,US,2022-02-18 01:25:03,38.8876,-76.5119,69.19,70,0,19.57
460,Verkh-Usugli,RU,2022-02-18 01:25:04,52.7,115.1667,-7.42,90,51,2.28
461,Shieli,KZ,2022-02-18 01:25:04,44.1667,66.75,27.93,60,0,7.09
462,Cedar City,US,2022-02-18 01:25:05,37.6775,-113.0619,38.37,36,0,8.05
463,Meulaboh,ID,2022-02-18 01:25:05,4.1363,96.1285,78.8,83,43,7.63
464,Tommot,RU,2022-02-18 01:25:05,58.9564,126.2925,-7.35,95,100,1.43
465,Ixtapa,MX,2022-02-18 01:25:06,20.7,-105.2,74.43,78,0,9.22
466,Truro,GB,2022-02-18 01:25:06,50.2653,-5.0544,54.68,94,75,28.77
467,Sobolevo,RU,2022-02-18 01:25:06,54.4299,31.8996,33.53,98,100,12.59
468,Resplendor,BR,2022-02-18 01:23:22,-19.3256,-41.2553,72.79,95,100,0.65
469,Yulara,AU,2022-02-18 01:25:07,-25.2406,130.9889,80.44,29,0,13.8
470,Russell,US,2022-02-18 01:22:07,32.3502,-85.1999,71.2,77,100,17.27
471,Kharovsk,RU,2022-02-18 01:25:07,59.9642,40.1912,33.37,97,100,16.53
472,Tambacounda,SN,2022-02-18 01:25:08,13.7539,-13.7586,76.1,15,7,7.0
473,Puerto Narino,CO,2022-02-18 01:25:08,-3.7703,-70.3831,76.95,99,89,0.98
474,Sinnamary,GF,2022-02-18 01:23:18,5.3833,-52.95,76.93,86,100,9.95
475,Wanning,CN,2022-02-18 01:25:09,18.8003,110.3967,70.59,88,100,4.0
476,Yining,CN,2022-02-18 01:25:09,29.0361,114.5636,35.33,99,100,1.66
477,Ulladulla,AU,2022-02-18 01:25:09,-35.35,150.4667,85.77,64,18,11.54
478,Pozo Colorado,PY,2022-02-18 01:25:10,-23.4923,-58.7972,81.57,46,100,0.72
479,Nueva Guinea,NI,2022-02-18 01:25:10,11.6876,-84.4562,71.24,89,100,7.72
480,Gnjilane,XK,2022-02-18 01:25:10,42.4604,21.4699,45.19,71,66,4.99
481,Miyazu,JP,2022-02-18 01:25:11,35.5333,135.1833,35.8,69,86,10.2
482,Macusani,PE,2022-02-18 01:25:11,-14.0833,-70.4333,36.32,89,100,1.97
483,Lexington,US,2022-02-18 01:21:25,37.9887,-84.4777,63.34,96,100,18.41
484,Maceio,BR,2022-02-18 01:24:04,-9.6658,-35.7353,76.44,83,0,4.61
485,Englehart,CA,2022-02-18 01:25:12,47.8169,-79.8664,7.36,72,100,11.5
486,Quelimane,MZ,2022-02-18 01:25:12,-17.8786,36.8883,78.75,89,75,8.05
487,Roald,NO,2022-02-18 01:25:13,62.5833,6.1333,37.54,87,75,14.97
488,Ozu,JP,2022-02-18 01:25:13,33.5,132.55,42.42,48,100,6.98
489,Birao,CF,2022-02-18 01:25:13,10.2849,22.7882,69.87,15,5,3.62
490,Galesong,ID,2022-02-18 01:25:14,-5.3166,119.3661,82.42,75,100,2.35
491,Bombon,PH,2022-02-18 01:25:14,13.6887,123.2077,81.75,69,41,4.54
492,Bull Savanna,JM,2022-02-18 01:25:14,17.8868,-77.5902,73.81,82,15,12.53
493,Laguna,US,2022-02-18 01:25:15,38.421,-121.4238,66.49,43,0,3.44
494,Yuli,NG,2022-02-18 01:25:15,9.6989,10.2744,74.88,15,6,5.21
495,Chimore,BO,2022-02-18 01:25:16,-16.9833,-65.1333,74.71,98,100,2.33
496,Felipe Carrillo Puerto,MX,2022-02-18 01:25:16,19.5833,-88.05,73.62,89,0,3.89
497,Xining,CN,2022-02-18 01:25:17,36.6167,101.7667,17.28,80,100,4.85
498,Bubaque,GW,2022-02-18 01:25:17,11.2833,-15.8333,77.49,77,3,11.79
499,Ketchikan,US,2022-02-18 01:25:17,55.3422,-131.6461,45.07,93,75,4.61
500,Katobu,ID,2022-02-18 01:25:18,-4.9408,122.5276,82.45,76,81,2.59
501,Kiruna,SE,2022-02-18 01:25:18,67.8557,20.2251,16.72,93,100,12.66
502,Pundaguitan,PH,2022-02-18 01:25:19,6.3711,126.1689,80.91,74,91,11.41
503,Sorland,NO,2022-02-18 01:22:13,67.667,12.6934,33.19,64,100,11.81
504,Normandin,CA,2022-02-18 01:25:19,48.8333,-72.5321,14.31,67,100,8.05
505,Toma,BF,2022-02-18 01:25:19,12.7667,-2.8833,74.1,15,54,8.86
506,Apac,UG,2022-02-18 01:25:20,1.9756,32.5386,70.0,77,20,2.04
507,Tadine,NC,2022-02-18 01:26:20,-21.55,167.8833,83.61,70,93,4.25
508,Le Pradet,FR,2022-02-18 01:26:21,43.1066,6.0172,59.59,61,0,4.61
509,Havre-Saint-Pierre,CA,2022-02-18 01:26:21,50.2334,-63.5986,28.99,100,100,14.97
510,Lahij,YE,2022-02-18 01:26:22,13.1667,44.5833,67.86,79,5,5.39
511,Yantal,RU,2022-02-18 01:26:22,56.8471,105.2542,-3.46,98,100,4.03
512,Port Lincoln,AU,2022-02-18 01:26:22,-34.7333,135.8667,66.36,65,98,14.32
513,Conceicao Do Araguaia,BR,2022-02-18 01:26:23,-8.2578,-49.2647,73.63,93,98,2.89
514,Kloulklubed,PW,2022-02-18 01:26:23,7.0419,134.2556,79.3,81,100,16.31
515,Cavalcante,BR,2022-02-18 01:26:24,-13.7975,-47.4583,67.91,94,44,1.12
516,Iisalmi,FI,2022-02-18 01:39:07,63.5592,27.1907,32.02,99,100,2.33
517,Tulun,RU,2022-02-18 01:39:08,54.5611,100.5792,-8.25,97,100,4.74
518,Juneau,US,2022-02-18 01:35:09,58.3019,-134.4197,42.22,96,100,4.61
519,Evensk,RU,2022-02-18 01:39:08,61.95,159.2333,10.22,73,100,12.26
520,Asau,RO,2022-02-18 01:39:08,46.4333,26.4,43.75,71,16,17.22
521,Sydney,AU,2022-02-18 01:38:01,-33.8679,151.2073,88.61,69,20,9.22
522,Shelburne,CA,2022-02-18 01:39:09,44.0787,-80.2041,26.28,97,100,15.64
523,Torbat-E Jam,IR,2022-02-18 01:39:09,35.244,60.6225,32.81,59,0,1.23
524,Tucuman,AR,2022-02-18 01:39:10,-26.8241,-65.2226,73.4,88,0,6.91
525,Zhangjiakou,CN,2022-02-18 01:39:10,40.81,114.8794,16.95,62,100,10.87
526,Ozinki,RU,2022-02-18 01:39:10,51.1786,49.6769,18.05,89,36,11.95
527,Marsh Harbour,BS,2022-02-18 01:35:29,26.5412,-77.0636,74.12,86,3,19.04
528,Bitung,ID,2022-02-18 01:39:11,1.4451,125.1824,83.25,80,100,6.29
529,Sault Sainte Marie,CA,2022-02-18 01:36:22,46.5168,-84.3333,14.9,62,20,9.22
530,Were Ilu,ET,2022-02-18 01:39:12,10.6,39.4333,55.44,63,100,4.07
531,Puerto Quijarro,BO,2022-02-18 01:39:12,-17.7833,-57.7667,74.53,93,100,3.47
532,Aasiaat,GL,2022-02-18 01:39:12,68.7098,-52.8699,-7.55,100,100,6.71
533,Merauke,ID,2022-02-18 01:39:13,-8.4667,140.3333,85.06,66,83,4.72
534,Petropavlovsk-Kamchatskiy,RU,2022-02-18 01:39:13,53.0452,158.6483,26.78,86,100,2.24
535,Arroyo,ES,2022-02-18 01:39:13,41.6096,-4.7969,49.19,71,1,3.44
536,Baykit,RU,2022-02-18 01:39:14,61.67,96.37,-10.32,100,99,2.24
